id,case_numbe,QUAD
19768908,1.01004E+11,SW
19770415,1.01004E+11,SE
