id,case_numbe,QUAD
45301386,1.01004E+11,SW
45301919,1.01004E+11,SW
45301970,1.01004E+11,SW
45302125,1.01004E+11,SW
45302393,1.01E+11,SW
45302848,1.01004E+11,SW
45303382,1.01004E+11,SW
45303438,1.01E+11,SW
45303441,1.01E+11,SW
45303479,1.01E+11,SW
45303820,1.01E+11,SW
45304158,1.01004E+11,SW
45303390,1.01004E+11,SW
,,
,,
,,
,,
,,
,,
,,
,,
,,
,,
,,
,,
