id,case_numbe,QUAD
20214078,1.01004E+11,SW
20225237,1.01004E+11,SW
20231865,1.01004E+11,SW
20219479,1.01004E+11,SW
20239144,1.01004E+11,SW
20224372,1.01004E+11,SW
20220717,1.01004E+11,SE
